"x","y","label"
1.75,5.17824605564949,1
1.85,5.27559024682451,1
1.95,5.37018083135129,1
2.05,5.46107269137671,1
2.15,5.54735766548027,1
2.25,5.62817362272274,1
2.35,5.70271307677355,1
2.45,5.77023125404731,1
2.55,5.83005353523522,1
2.65,5.88158219587829,1
2.75,5.92430237863246,1
2.85,5.95778723755309,1
2.95,5.98170220299845,1
3.05,5.99580832453906,1
3.15,5.99996465847134,1
3.25,5.99412967608055,1
3.35,5.97836167858193,1
3.45,5.9528182145943,1
3.55,5.91775450596628,1
3.65,5.87352089768394,1
3.75,5.82055935733956,1
3.85,5.75939905913751,1
3.95,5.69065109656051,1
4.05,5.61500237652557,1
4.15,5.53320875603715,1
4.25,5.44608748991379,1
4.35,5.35450906504813,1
4.45,5.25938850278963,1
4.55,5.16167621635369,1
4.65,5.06234851460699,1
4.75,5.03760215288798,1
4.85,5.13717711210091,1
4.95,5.23538144295445,1
5.05,5.33123392023675,1
5.15,5.42377681767943,1
5.25,5.51208547724184,1
5.35,5.59527754798861,1
5.45,5.67252180224847,1
5.55,5.74304644096641,1
5.65,5.80614680526472,1
5.75,5.86119241716152,1
5.85,5.90763327909841,1
5.95,5.94500536933423,1
6.05,5.9729352782969,1
6.15,5.99114393956847,1
6.25,5.9994494182245,1
6.35,5.99776872866768,1
6.45,5.98611866379251,1
6.55,5.96461562719622,1
6.65,5.93347447011251,1
6.75,5.89300634468908,1
6.85,5.84361559505816,1
6.95,5.78579571726366,1
7.05,5.72012442841179,1
7.15,5.64725789431272,1
7.25,5.5679241732887,1
7.35,5.48291594165594,1
7.45,5.39308257356494,1
7.55,5.29932165433471,1
7.65,5.20257001207694,1
7.75,5.10379435721925,1
7.85,5.00398162345408,1
7.95,5.0958708933765,1
8.05,5.19476549993116,1
8.15,5.29171407399143,1
8.25,5.38574793745222,1
8.35,5.47592753503331,1
8.45,5.56135182200507,1
8.55,5.6411672671296,1
8.65,5.71457638086269,1
8.75,5.78084568360575,1
8.85,5.83931303439148,1
8.95,5.88939424677758,1
9.05,5.93058892584453,1
9.15,5.96248546797624,1
9.25,5.98476517346732,1
9.35,5.99720543086521,1
9.45,5.99968194123019,1
9.55,5.9921699600893,1
9.65,5.97474454467499,1
9.75,5.94757980397799,1
9.85,5.91094715910789,1
9.95,5.86521263134307,1
10.05,5.81083318496715,1
10.15,5.74835216143285,1
10.25,5.67839385047384,1
10.35,5.6016572524081,1
10.45,5.51890909395774,1
10.55,5.4309761673691,1
10.65,5.33873706937788,1
10.75,5.24311342256103,1
1.75,-10.1782460556495,2
1.85,-10.2755902468245,2
1.95,-10.3701808313513,2
2.05,-10.4610726913767,2
2.15,-10.5473576654803,2
2.25,-10.6281736227227,2
2.35,-10.7027130767736,2
2.45,-10.7702312540473,2
2.55,-10.8300535352352,2
2.65,-10.8815821958783,2
2.75,-10.9243023786325,2
2.85,-10.9577872375531,2
2.95,-10.9817022029985,2
3.05,-10.9958083245391,2
3.15,-10.9999646584713,2
3.25,-10.9941296760805,2
3.35,-10.9783616785819,2
3.45,-10.9528182145943,2
3.55,-10.9177545059663,2
3.65,-10.8735208976839,2
3.75,-10.8205593573396,2
3.85,-10.7593990591375,2
3.95,-10.6906510965605,2
4.05,-10.6150023765256,2
4.15,-10.5332087560372,2
4.25,-10.4460874899138,2
4.35,-10.3545090650481,2
4.45,-10.2593885027896,2
4.55,-10.1616762163537,2
4.65,-10.062348514607,2
4.75,-10.037602152888,2
4.85,-10.1371771121009,2
4.95,-10.2353814429545,2
5.05,-10.3312339202368,2
5.15,-10.4237768176794,2
5.25,-10.5120854772418,2
5.35,-10.5952775479886,2
5.45,-10.6725218022485,2
5.55,-10.7430464409664,2
5.65,-10.8061468052647,2
5.75,-10.8611924171615,2
5.85,-10.9076332790984,2
5.95,-10.9450053693342,2
6.05,-10.9729352782969,2
6.15,-10.9911439395685,2
6.25,-10.9994494182245,2
6.35,-10.9977687286677,2
6.45,-10.9861186637925,2
6.55,-10.9646156271962,2
6.65,-10.9334744701125,2
6.75,-10.8930063446891,2
6.85,-10.8436155950582,2
6.95,-10.7857957172637,2
7.05,-10.7201244284118,2
7.15,-10.6472578943127,2
7.25,-10.5679241732887,2
7.35,-10.4829159416559,2
7.45,-10.3930825735649,2
7.55,-10.2993216543347,2
7.65,-10.2025700120769,2
7.75,-10.1037943572193,2
7.85,-10.0039816234541,2
7.95,-10.0958708933765,2
8.05,-10.1947654999312,2
8.15,-10.2917140739914,2
8.25,-10.3857479374522,2
8.35,-10.4759275350333,2
8.45,-10.5613518220051,2
8.55,-10.6411672671296,2
8.65,-10.7145763808627,2
8.75,-10.7808456836057,2
8.85,-10.8393130343915,2
8.95,-10.8893942467776,2
9.05,-10.9305889258445,2
9.15,-10.9624854679762,2
9.25,-10.9847651734673,2
9.35,-10.9972054308652,2
9.45,-10.9996819412302,2
9.55,-10.9921699600893,2
9.65,-10.974744544675,2
9.75,-10.947579803978,2
9.85,-10.9109471591079,2
9.95,-10.8652126313431,2
10.05,-10.8108331849671,2
10.15,-10.7483521614328,2
10.25,-10.6783938504738,2
10.35,-10.6016572524081,2
10.45,-10.5189090939577,2
10.55,-10.4309761673691,2
10.65,-10.3387370693779,2
10.75,-10.243113422561,2
0,-2.5,3
0.05,-1.20308057305012,3
0.1,-0.66587895710234,3
0.15,-0.253669659199698,3
0.2,0.0938388538997561,3
0.25,0.4,3
0.3,0.676790833529964,3
0.35,0.931326274197777,3
0.4,1.16824208579532,3
0.45,1.39075828084963,3
0.5,1.60121933088198,3
0.55,1.80139512251548,3
0.6,1.9926606816006,3
0.65,2.17610949401316,3
0.7,2.35262815389764,3
0.75,2.52294734194974,3
0.8,2.68767770779951,3
0.85,2.84733578522987,3
0.9,3.00236312869298,3
0.95,3.1531407199892,3
1,3.3,3
1.05,3.44323144425657,3
1.1,3.58309131938688,3
1.15,3.71980707096289,3
1.2,3.85358166705993,3
1.25,3.98459713474939,3
1.3,4.113017465575,3
1.35,4.23899102240091,3
1.4,4.36265254839555,3
1.45,4.48412485569953,3
1.5,4.60352025407122,3
1.55,4.72094176683346,3
1.6,4.83648417159064,3
1.65,4.95023489562577,3
1.7,5.06227479003507,3
1.75,5.17267880208731,3
0,-2.5,4
0.05,-3.79691942694988,4
0.1,-4.33412104289766,4
0.15,-4.7463303408003,4
0.2,-5.09383885389976,4
0.25,-5.4,4
0.3,-5.67679083352996,4
0.35,-5.93132627419778,4
0.4,-6.16824208579532,4
0.45,-6.39075828084963,4
0.5,-6.60121933088198,4
0.55,-6.80139512251548,4
0.6,-6.9926606816006,4
0.65,-7.17610949401316,4
0.7,-7.35262815389764,4
0.75,-7.52294734194974,4
0.8,-7.68767770779951,4
0.85,-7.84733578522987,4
0.9,-8.00236312869298,4
0.95,-8.1531407199892,4
1,-8.3,4
1.05,-8.44323144425657,4
1.1,-8.58309131938688,4
1.15,-8.71980707096289,4
1.2,-8.85358166705993,4
1.25,-8.98459713474939,4
1.3,-9.113017465575,4
1.35,-9.23899102240091,4
1.4,-9.36265254839556,4
1.45,-9.48412485569953,4
1.5,-9.60352025407122,4
1.55,-9.72094176683346,4
1.6,-9.83648417159064,4
1.65,-9.95023489562577,4
1.7,-10.0622747900351,4
1.75,-10.1726788020873,4
10.75,5.17267880208731,5
10.8,5.06227479003507,5
10.85,4.95023489562578,5
10.9,4.83648417159064,5
10.95,4.72094176683347,5
11,4.60352025407122,5
11.05,4.48412485569953,5
11.1,4.36265254839556,5
11.15,4.2389910224009,5
11.2,4.113017465575,5
11.25,3.98459713474939,5
11.3,3.85358166705992,5
11.35,3.71980707096289,5
11.4,3.58309131938688,5
11.45,3.44323144425657,5
11.5,3.3,5
11.55,3.1531407199892,5
11.6,3.00236312869298,5
11.65,2.84733578522987,5
11.7,2.68767770779951,5
11.75,2.52294734194974,5
11.8,2.35262815389764,5
11.85,2.17610949401316,5
11.9,1.9926606816006,5
11.95,1.80139512251549,5
12,1.60121933088198,5
12.05,1.39075828084963,5
12.1,1.16824208579532,5
12.15,0.931326274197775,5
12.2,0.676790833529967,5
12.25,0.4,5
12.3,0.0938388538997512,5
12.35,-0.253669659199696,5
12.4,-0.665878957102343,5
12.45,-1.20308057305011,5
12.5,-2.5,5
10.75,-10.1726788020873,6
10.8,-10.0622747900351,6
10.85,-9.95023489562578,6
10.9,-9.83648417159064,6
10.95,-9.72094176683347,6
11,-9.60352025407122,6
11.05,-9.48412485569953,6
11.1,-9.36265254839556,6
11.15,-9.2389910224009,6
11.2,-9.113017465575,6
11.25,-8.98459713474939,6
11.3,-8.85358166705992,6
11.35,-8.71980707096289,6
11.4,-8.58309131938688,6
11.45,-8.44323144425657,6
11.5,-8.3,6
11.55,-8.1531407199892,6
11.6,-8.00236312869298,6
11.65,-7.84733578522987,6
11.7,-7.68767770779951,6
11.75,-7.52294734194974,6
11.8,-7.35262815389764,6
11.85,-7.17610949401316,6
11.9,-6.9926606816006,6
11.95,-6.80139512251549,6
12,-6.60121933088198,6
12.05,-6.39075828084963,6
12.1,-6.16824208579532,6
12.15,-5.93132627419778,6
12.2,-5.67679083352997,6
12.25,-5.4,6
12.3,-5.09383885389975,6
12.35,-4.7463303408003,6
12.4,-4.33412104289766,6
12.45,-3.79691942694989,6
12.5,-2.5,6
5.5,5.6,7
5.55,6.49442719099991,7
5.6,6.86491106406735,7
5.65,7.14919333848297,7
5.7,7.38885438199983,7
5.75,7.6,7
5.8,7.79089023002066,7
5.85,7.96643191323984,7
5.9,8.1298221281347,7
5.95,8.28328157299975,7
6,8.42842712474619,7
6.8,5.8,8
6.83,6.83923048454133,8
6.86,7.2696938456699,8
6.89,7.6,8
6.92,7.87846096908265,8
6.95,8.12379000772445,8
6.98,8.34558441227157,8
6,8.34558441227157,9
6.1,8.34558441227157,9
6.2,8.34558441227157,9
6.3,8.34558441227157,9
6.4,8.34558441227157,9
6.5,8.34558441227157,9
6.6,8.34558441227157,9
6.7,8.34558441227157,9
6.8,8.34558441227157,9
6.9,8.34558441227157,9
3.58538049828696,-0.392586242201967,10
4.24611332352402,-0.899901771107292,10
4.58917304471473,-0.584565810636385,10
3.72692509440958,0.900114635325649,10
3.75926457147245,-0.405345050539278,10
3.45895610702864,-1.73330659353377,10
4.3442954639803,0.11843480534138,10
4.28814819590198,0.104174900661447,10
4.04314128973582,0.685033753052456,10
3.77017952696202,-0.772960844409507,10
3.63926112769338,-0.320541852859966,10
4.03571483574437,0.574142959865307,10
3.36248171136222,-1.23778418810061,10
3.96525635240132,-0.802687657704961,10
3.53163135538199,-0.266024241525926,10
4.22077501728581,-0.579288028440235,10
3.73789804265688,-0.845637155539523,10
3.83052789027375,-0.419033458721552,10
4.22574781736039,-0.136109807868099,10
3.59257876686325,0.134331122227266,10
4.39549492028983,0.0454614429207286,10
2.99508904124547,-1.62747093304345,10
3.97938293191268,0.233861343097963,10
4.39158625543921,-1.1282583413452,10
4.62310809785957,-0.432247323157305,10
4.51343885226858,0.105077248159691,10
4.45558816952103,-0.955415664904642,10
3.90023499953041,-0.143343644802629,10
4.17386307356649,-0.939668703282688,10
3.83931981364142,-0.175060813099623,10
3.91903750577743,-0.349535476855359,10
3.81845299853735,-0.146071580205477,10
4.18665272567165,0.0496298070846727,10
4.16026905980168,-0.534939100264505,10
3.7797450715987,-0.215995533991758,10
3.76443847201063,-0.400397870596247,10
3.54507036266707,-0.0511457793380588,10
3.79632516124975,-0.0401200801451247,10
4.02354772158784,0.264245578911435,10
3.79545002022061,-0.275750189150305,10
4.65402060811651,-0.988063623339262,10
3.89613962549735,0.917601572980143,10
4.41205689375741,-0.0365223918504492,10
4.52685241447737,-1.49479950138284,10
3.68850164063995,-0.420061436424282,10
3.86178098264013,-0.794598764590877,10
4.22461322218316,-1.05108527404277,10
3.90141701857691,0.238867295629356,10
3.32337869380687,-0.133998921464611,10
4.50728187068093,-0.527333033235266,10
3.78734510911558,-0.484696112913501,10
3.72986025562874,-0.358573609683843,10
4.09646342405516,-0.553737681264995,10
3.80736839763164,0.216208203286903,10
3.10111671292919,-1.18133367051431,10
3.83187430252914,0.0112737906958727,10
3.93366713616276,-0.0022761997645622,10
3.64206429763407,0.052297807300961,10
3.68153362423221,-0.899172533569838,10
4.14376940489161,0.0655312876832786,10
3.5934887622553,-0.570713365690126,10
4.1799332482134,0.00916315093715103,10
4.35310147801764,-0.195889560278294,10
4.00477249462637,0.384049829561273,10
3.96316493766891,-0.659541605246267,10
3.65424244272029,0.108911761254538,10
4.11604211901147,-0.593050203569343,10
3.94602675336079,1.08055134665687,10
4.04078474862163,0.774703583083984,10
4.25901279582473,-0.273498261228198,10
3.16595293724887,-0.529049132029413,10
3.69681477871006,-0.49772528943495,10
4.09946077866919,0.463379553782016,10
3.96966828132233,-0.68023987401865,10
3.81432937087102,-0.294508874864866,10
3.5998969665618,-0.399313057717865,10
4.31167885844405,-0.462544606569021,10
4.53728823999828,-1.1362465035111,10
3.69374054849261,0.0370695205698054,10
3.87606277653778,-0.52068372498478,10
4.03791521155265,-0.252209704620573,10
4.18483887290217,-0.588407369309703,10
4.60594254116651,-0.84994219582546,10
3.9938269243622,-0.0854261261315047,10
3.78030245944447,0.634079009368068,10
3.62424371573946,0.33107491896828,10
4.10128589681113,-0.175832050982992,10
4.97318752454175,-1.47399108637504,10
4.31470448787788,0.198923596250031,10
3.71431551746186,0.331552135981176,10
3.596234521062,0.195686004037009,10
3.77703641447444,-0.513152172677381,10
4.19078803701307,-0.18371316626477,10
5.09620379197946,-2.68456004535511,10
3.73165328951769,-0.200491339334562,10
4.18651355327124,0.190245170646604,10
4.44105436926124,-0.803378129400943,10
3.92803044881937,0.32207868397965,10
4.34255913061544,0.347463361792027,10
3.97419436470754,-0.428591156579633,10
3.92676359667936,-0.782685619295471,10
4.68181415978433,-1.30030777814708,10
4.60827715820989,-0.54480648260314,10
4.14100578710151,-0.0345534842400041,10
4.96069932679732,-2.14415788586171,10
4.54885892306953,-1.03576063459578,10
3.47488647507261,-1.04744730898946,10
4.86400046899893,-0.961039936229432,10
4.26954095158628,-1.02869175265867,10
3.99827497921894,-0.964706275461669,10
4.38073614431926,-0.0271093512149491,10
3.96443211827567,-0.673459191293647,10
4.2379574218639,-1.29147661649327,10
3.70411506042965,-0.501952192889443,10
3.60542284563867,-0.68699981573013,10
3.73963013549921,-0.297944770169125,10
3.74305003082031,-0.333969600692773,10
5.20489089622275,-3.54353659937373,10
3.71621956821967,-0.366672572410583,10
4.08346240398906,0.0264624481351758,10
3.99241263933273,0.485000186071607,10
4.07809136868513,0.416935018769317,10
3.89686558380956,-0.521211141887637,10
3.33121772424158,-1.2388150274878,10
3.8438334196702,-0.494677158014156,10
4.02566439024695,-0.10179904118468,10
4.37079862897737,-0.364434244197066,10
4.59627351905146,-0.490665354667327,10
4.73770882677836,-1.15669299139082,10
3.83975804784908,0.0629904103448245,10
3.85615857048434,0.714695755191338,10
4.54496586557352,-0.184824457530113,10
4.58681885382445,-0.236732375711114,10
4.00362285713144,0.349471916291717,10
3.59768280564624,-0.341324786158598,10
4.29335786591376,-0.755860201074427,10
3.66007463608312,0.323446089490514,10
4.58282132509055,-1.44536350304835,10
3.60642259885201,1.17324949063862,10
4.11331353369219,0.386413206691332,10
4.40527563725891,-0.256679720366372,10
3.5770999893706,-0.235446016562409,10
3.74977032551036,-0.355255496356056,10
4.19140770870522,-0.199101465225017,10
4.48091270965784,-0.0751321999308158,10
3.74717558322696,0.375784857775766,10
4.26078938388185,0.500673545634031,10
4.06027079820285,-0.181539074685079,10
4.42280152162822,-0.21770544886934,10
4.23195936314482,0.475406978734457,10
3.94890008348667,-0.321033032761085,10
4.11838926519841,-0.299231328883287,10
4.34998416004807,-0.818710412390895,10
3.88209244223992,-0.244545476750744,10
4.25956586902129,-0.716942559114132,10
4.24734715919431,-0.239415376833889,10
4.13349602867082,-0.338733031993178,10
3.9275217544316,-0.0215453316387411,10
4.02965785865129,0.0853223401748497,10
3.89158848919472,0.673450295999056,10
3.20840290997035,-0.744812876990904,10
4.0464408298935,-0.432304842209851,10
3.19671886889428,-0.500949862400682,10
4.10367031554313,-0.803580678669484,10
3.46982138492906,0.270040964316039,10
3.3085084319588,-1.02933445942004,10
3.99501946798076,0.767338883102739,10
4.53256512521709,-0.45428718562258,10
3.55103566337327,-0.193411013333246,10
3.5783255582021,-1.11451744419914,10
4.2147767078072,0.542916944570753,10
4.03013554413473,0.116003750721449,10
4.29359838380403,-0.43391155325704,10
3.43598748689925,-1.57592531607561,10
4.11169783668429,-0.0328268413841379,10
3.6801796984374,-0.888265600964614,10
3.84389597610805,0.242899447866671,10
3.43102686294877,-0.914249721633448,10
4.05869674033679,-0.120327300928971,10
3.48324015075919,-1.23524116805685,10
3.94082976351611,0.696828620650949,10
4.70548460582361,-1.08950287301133,10
4.23833613376101,0.319889319875335,10
3.68000866779086,-0.3680964881669,10
3.63108449657404,-0.233541539206309,10
4.78742772277376,-1.46155597603507,10
4.42353514771267,-0.17359871950911,10
4.04123332262705,0.647517390488169,10
4.12796942851456,-0.512754971825386,10
4.80889038423368,-1.73604189880026,10
3.97136677139969,0.180703343008912,10
3.70027620420767,0.169359096385014,10
3.75371624049732,-0.209530962944845,10
3.46612773026197,-1.28418165179293,10
3.90307254040742,-0.224910272546827,10
4.7282029673131,-0.771880529834152,10
3.93189545885337,-0.0711606091024357,10
4.72586581809664,-1.02117087560734,10
3.56985791576678,-0.791327663670247,10
3.40804878310453,-0.72070667055315,10
4.03465451102856,0.876787969476713,10
3.58509629903099,0.473679629243749,10
4.85553579065913,-1.20689898077454,10
3.84808490709573,-0.295996250469892,10
3.84651114683742,0.0582715660322333,10
3.5647300661695,-0.705674381087916,10
3.73299338335224,-1.20055833397287,10
3.10370022714136,-1.43900901121527,10
3.72175731482773,0.157028921234815,10
4.22289136333908,0.165089258535697,10
3.46677499142086,-0.329789728625906,10
4.73060060895186,-1.08976511932032,10
3.77796553785921,-0.249238974405156,10
3.48815694125896,-1.81127930134262,10
4.06287793555757,0.0499456266488373,10
4.1100081495391,0.308375496765112,10
3.43807054083095,-0.594705360480755,10
3.79028346841378,-0.113318710945232,10
3.67779120919892,0.442357282102612,10
4.00544203528265,-0.203717995259518,10
3.25252222831748,-1.22674984638926,10
4.03290335457249,-0.506797620055215,10
3.94356921119493,0.0947975168539728,10
3.54331506468138,-0.498185954984449,10
3.96566914147299,0.620729520818397,10
4.31428071882741,-0.265487339784979,10
3.88518849981206,0.477099275398369,10
3.30612978337242,-0.821413968966134,10
4.27118223505516,-1.43682081700546,10
3.14048451068973,-0.606341906161162,10
3.66855281317453,-0.0141072606353766,10
4.38593356353832,0.0735459948236462,10
4.0992472581462,0.245429563615002,10
4.80471419433056,-0.547683244426668,10
4.14403539618295,-0.679241957742019,10
3.84347318678028,0.418237528790466,10
3.83815796315616,0.336809554408496,10
3.71681164626659,-0.0229169596415942,10
3.67555900672862,0.0131033677960589,10
3.77375950706272,-0.107837341547485,10
3.81992384757726,-0.531755427080116,10
3.65212230239603,-0.53649581869556,10
3.70203325711559,-0.0488699367400964,10
4.07368209137399,-1.4214045446282,10
4.12988658327198,-0.0801236079959588,10
5.27907793325476,-2.80778590700324,10
4.18547260654231,1.14183924391056,10
4.00639075759954,0.378433642735696,10
4.15950555896243,-0.645697000881779,10
4.43896858919257,-0.0404168642221479,10
4.39137075240784,-0.632910679023839,10
3.57518200728314,-0.713419681334667,10
4.29794986353927,-0.22580179137497,10
4.77279283660225,-0.98652918619651,10
3.60385095166688,-0.707172505635969,10
3.59920383658094,-0.220479675156999,10
4.1057164365503,0.439851156857728,10
3.61169282800432,-0.284678295016736,10
4.33336275207016,-0.457404617139213,10
3.6605351509493,-0.605035499728356,10
3.90121011555771,0.121017959592928,10
4.5972617839934,-1.65977634100025,10
4.76378238460538,-2.00706188945838,10
3.7155340004313,-1.08191195590297,10
3.57786063779465,-0.819270796721905,10
4.0904283732184,-0.865126825272041,10
4.32561644145071,-0.0857320171779598,10
3.99885958423831,-0.648111747370982,10
3.93009146196421,0.337242058452561,10
3.88277553358406,0.419847483126031,10
4.21226285282686,-0.806477725608872,10
3.56659352552146,-1.22057338960479,10
3.90524059733674,0.848197426483353,10
4.03080598660066,0.00676564943845374,10
3.1019264509275,-1.13092803006866,10
3.46249617460729,-0.944212907970017,10
4.1389501412262,-0.526695861422068,10
3.53093518005781,-0.493202741992926,10
4.25271551800397,0.215957434642935,10
3.86582899431975,-0.655976987163777,10
4.23736013310584,0.21125775887208,10
4.06255660035573,0.0924219440412895,10
4.76624673017834,-1.73656003541356,10
4.35597861774925,0.100647127555448,10
4.55751573980159,-0.399221316014673,10
3.7392325187872,-0.197368409508181,10
4.47895509128664,0.199063950857318,10
4.26340480410555,0.0884596957688603,10
3.92714452904857,-0.259073802564621,10
3.55144981902327,-0.231118853970805,10
4.10791811803835,-0.606552754850669,10
4.03078001029941,-0.253392482359434,10
4.51846619147998,-0.782040218454352,10
4.39378285922071,-0.212681544393265,10
3.46406247148556,-0.35183765835917,10
3.57117595190873,0.189595698638119,10
3.92896651305495,-0.43824833405391,10
3.46329875256384,-0.134704511301845,10
2.98108182840668,-2.49817248749283,10
4.45882156114658,0.102396806795924,10
4.27281728244962,0.141822843457906,10
4.61499755244831,-1.79909020017736,10
3.73330000252786,-0.140490995307323,10
4.56267412439356,-1.24553126568181,10
3.31382304337617,-1.01150835930563,10
3.86962062814225,0.539893817492325,10
4.10926114123174,0.129141291229421,10
4.65660248532535,-1.15850651028594,10
3.48930167578312,-0.649978389505838,10
3.90445015526348,0.360925608857033,10
3.98152154452644,-0.15378245827556,10
3.99144627076807,-0.659556246409894,10
2.78042122118664,-3.42423429599865,10
3.76330188292469,0.438210309407322,10
3.85088539665272,0.325524959472962,10
4.27813093307193,0.0079931239887098,10
4.19966209653694,-0.0443098553109199,10
3.62022352404537,-0.166191414110715,10
3.99805346553035,-0.851795417784593,10
3.88715893823087,-1.02192856060866,10
4.13069237440884,0.608570236436551,10
3.97650794671226,-0.100385808902494,10
3.78017222487033,-0.12441080703111,10
4.04654862243154,-0.919731816890102,10
3.99806554504096,0.180513261924142,10
4.43198107126091,-1.06192825591417,10
4.71399633838901,-1.70361668488341,10
3.64492847047612,0.230086633274179,10
4.96749647015248,-2.12659738407432,10
4.17378546312869,0.421830430413525,10
4.08537915045866,0.291380781773507,10
3.53267305427301,-0.393267303683201,10
3.77941002736814,-0.180079203184148,10
3.85377282032897,-0.432393621350112,10
3.76690466722927,-0.320761789203825,10
3.85060998581977,-0.288611493347977,10
4.17415198248924,-0.585827388683485,10
4.05417177060008,0.273026428544995,10
4.03293083976116,1.29052262490593,10
3.6463237677183,-1.30512545381087,10
3.99028648205828,0.350791377281185,10
4.19292724553067,0.258085319671223,10
4.05325725037678,-0.0147160391367512,10
4.13619461174436,-0.0256586935455095,10
4.79308217767411,-1.12096006580759,10
3.27066307091073,-0.872230834451261,10
3.59078560751766,-1.06162777294851,10
4.30639822515246,-0.24738890179763,10
4.5517186051456,-1.10016314946519,10
4.48431620546056,-0.141424686874022,10
3.69398572699047,-0.328420496027322,10
4.3181640552191,-0.916442193487374,10
3.74632162703925,0.357513106818816,10
4.58734652652166,-0.0341224784580612,10
5.28409315739344,-3.52083997735006,10
4.8355680182927,-1.61968584592534,10
4.06512090296173,1.11902993194336,10
4.06592767121018,0.519815830702843,10
3.4436659137925,0.229196888679199,10
4.22351303596008,-0.0137997216603149,10
3.56441052257858,-0.0383406368352371,10
4.19780389897986,-0.599403330748788,10
3.89852258997935,-0.581207163411842,10
3.80709205487802,-0.357430739789478,10
3.79670874434504,0.166700030135204,10
4.08466378773823,0.311484312592353,10
4.03487030186291,-0.00128524849694264,10
4.21553948821771,-0.733013029800181,10
3.88492371746689,-0.0509215117316068,10
4.03074150221939,0.5509728435073,10
4.06428462746835,0.249752846678225,10
4.06453106361245,-0.584173812637342,10
4.63253612485382,-0.464400043984834,10
4.08810403598775,0.278281012156853,10
4.74479735710911,-1.51366616533993,10
3.32735337166449,-0.40288857969349,10
4.59863632590735,-1.13015982871613,10
4.07876493946542,0.539898369067447,10
4.28360485137701,-0.507319730947006,10
4.21844058645924,-0.465869147438339,10
4.14333964507715,-0.467644650256772,10
3.5541599153945,-0.749284612021786,10
4.27662026281027,-0.499641923481323,10
4.04537969417804,-0.829257248112876,10
3.78474459861127,-1.01220026754684,10
4.26195683823484,-0.440666858015522,10
3.22472606362173,-1.13426942068847,10
3.78164380422295,-0.357846641440734,10
4.20465318789034,-0.609191066130554,10
3.63037731368458,-0.970726611846211,10
3.81625752214491,0.110414789719905,10
3.62534846463081,-1.0497960374861,10
4.43110956507696,-0.681314291801454,10
3.79493021784718,-0.425931085666148,10
3.71755883550025,-0.205120889257929,10
3.83395883346355,0.0947541703812893,10
3.90054866326198,0.454853291454062,10
3.92147906189209,0.186420895460928,10
3.87547004128697,0.25048779252132,10
3.34769265264157,-0.511252950357054,10
4.55508046230081,-0.0267694803741617,10
3.98492718406268,-0.760649983091174,10
3.74555884684161,0.540382443414301,10
3.86753091732034,-0.564572273776729,10
3.22580375576203,-1.54537625930193,10
4.58444818048673,-1.06084987482893,10
4.48783369920632,-1.5554181930015,10
3.89650942860689,0.0932614622896711,10
3.50544523084411,-0.547482258254975,10
3.6383631814134,0.681214393557803,10
3.57839249129352,-0.285968369265192,10
3.88731486280189,-0.529239425086732,10
3.89033774219027,0.390168788129553,10
3.49417010263731,-0.398445746941675,10
4.76858483672156,-1.14189808969795,10
4.31919581300366,-1.04519447798602,10
4.26694012963808,-0.552431079074449,10
4.25279618795287,0.0839761230261198,10
4.57910413104594,-0.429481589511132,10
3.80560762721969,-0.122893019083663,10
3.95121511081635,-0.187821596383418,10
4.58232049642394,-1.14817066018275,10
4.27222082211941,-0.596277244883343,10
4.12192943412997,0.263108342338335,10
4.31523308865749,-0.707007582238139,10
4.11147864600829,-0.281876971609714,10
3.22951389110029,-1.80561716812445,10
2.91006933258284,-1.68509112752018,10
4.19670636463309,-0.0039954312568317,10
4.25288148064093,-0.469314141225423,10
3.70542024876858,-0.55854783186441,10
4.08318763568562,-0.0491983603501469,10
3.65577585114047,-0.209959667285861,10
3.39570197532055,-0.764506745239786,10
2.98507911613476,-2.3193827586043,10
3.44078548067214,-0.534442642251049,10
3.64582800716227,0.0994148161037692,10
3.71384618260917,0.0932305698566487,10
3.88345850535011,-0.639772624488534,10
4.20585368345047,0.578505371147913,10
3.81258298502687,-0.280225351035448,10
4.36396391424939,-0.298825174456401,10
4.03887836795764,-0.22226773712394,10
4.22810823352932,-0.426447899198353,10
4.59274033553257,-0.0745290342431102,10
3.106214148307,-0.518913614771628,10
3.80085313779573,-0.0774220390905553,10
3.67613188602097,-0.544872323559032,10
4.60961537676701,-1.3033604837456,10
4.02516831167648,-0.10967515898852,10
4.19554329071946,0.493798101554854,10
4.03348290844883,-0.318597332675409,10
3.46723842082607,-1.39079883732909,10
4.78918026045572,-1.4244871466158,10
3.86870790131071,0.205104780305175,10
4.28787246549203,0.555048770476426,10
3.17850318478285,-1.51218380917083,10
4.27578237582755,0.232897166598766,10
3.47260733300382,-0.306357796068831,10
3.78007084896859,0.160368466267129,10
3.87662570181452,-0.492897505617142,10
4.32999876290506,-0.231929995143506,10
3.67012984367111,-0.565857272137208,10
4.14861825816537,-0.400319617902211,10
3.78145003107858,-0.144601988924967,10
3.90449616546091,-1.1675848971897,10
3.80011073262467,-0.209868972437564,10
4.38949154473172,0.565786794597484,10
3.59620693561669,-0.0766438356494409,10
4.30988119596287,1.20835975726445,10
4.04306014857621,-0.0782921042871866,10
4.52027564103905,-0.876655303553599,10
3.64356824960582,-0.0650796508506504,10
3.62965307063012,-0.946362090996564,10
4.38570620110646,-0.213738016822868,10
3.88015941106918,-0.0206724244288699,10
4.00684560329771,0.644594846143999,10
4.56521602432314,0.245785723780693,10
4.11644433790772,0.608233603984531,10
4.22569195564893,0.722056826495271,10
4.34296331529836,0.307194428273844,10
4.13539430786714,0.201764025876457,10
4.13406937940833,0.143083243717513,10
3.82172616079641,-0.362688708207978,10
4.41365757540595,-0.454682836427996,10
3.69136988215607,-0.519379861623366,10
4.33934650659514,-0.43398244812554,10
4.11433835335055,0.312743269206508,10
3.84452113684173,-0.488386933973021,10
3.54969374931304,-1.40000918114513,10
3.99057244177506,0.109635811610687,10
3.80098832619229,0.0754959850923006,10
4.95814863816419,-1.80585546308851,10
4.05813589961894,-0.0596710998073632,10
3.83695240331082,0.350815066680885,10
3.66259533656281,-0.381083073227137,10
4.09537611631278,-0.637125837378866,10
2.86696902547855,-2.52537893771984,10
4.22183767620288,-0.138963319180256,10
4.41903579975038,-0.167758356081154,10
7.7903728147939,0.0318943314784832,11
7.68151547673127,-0.0990943075920234,11
8.35221323405499,0.752393024430595,11
7.77016296259969,-0.25731033243297,11
8.25973879640922,-0.628445349619828,11
8.3810533028167,0.0762069047311025,11
7.92116103586116,0.682361719707143,11
8.32663995323667,0.13494034058298,11
7.40185070678473,-0.878116534525787,11
8.50720267319536,-0.477923278301416,11
7.31397722944028,-0.188337433364342,11
8.60607443692228,-0.651248042440818,11
7.79940275362687,-0.627588200856279,11
8.09105098293472,-0.20103393532328,11
7.91776097410667,0.603350393141345,11
7.52482674004041,0.769727396882497,11
7.91097826232747,0.232988260201292,11
8.62544481961051,-0.708699080999857,11
7.47344762803086,-1.5548349217105,11
7.57553109998865,-0.37538364576575,11
8.36955628032326,0.504281151449859,11
8.28175934567101,-1.03068920684857,11
7.75636628339424,-0.320973891432086,11
7.86129608890842,-0.159336023082182,11
7.97704384836776,-0.350406918797068,11
7.38664673877851,-0.626831876320081,11
8.3454410263054,0.114579449360915,11
8.23802920230475,-0.266276634310045,11
7.77441685996525,-0.775809293570533,11
8.18506636157313,-0.205279137581575,11
8.15731444789731,0.59617977457262,11
7.91404814928686,-0.139597147435678,11
8.29210978520915,-0.595143333868144,11
7.59453176319433,-0.795014910626429,11
7.78368515667453,-0.468889046706049,11
8.29702733062996,0.89417877065793,11
8.10790348941972,0.217535579877962,11
8.15670174784379,-0.31628513655759,11
7.6824839396718,-0.220368561867768,11
8.04224227072253,0.333080113698364,11
7.61265470979652,-0.155265954980236,11
8.14103333098539,0.413508628133338,11
8.52404086245124,-1.03806917092019,11
8.31230556672078,0.361139112777535,11
7.87167969548076,0.059435115338831,11
8.00166336917546,-0.0385671919531727,11
7.91553043122093,0.229080072596087,11
7.10922385726225,-1.61231669099642,11
7.2871821083333,-1.87366659351279,11
7.35024735036252,-1.04395807748248,11
7.71442558878041,-0.0820811208835026,11
8.36457923092422,-0.413314188904481,11
7.59479894449516,0.162873343005404,11
8.06540328365124,0.126381873569437,11
7.81873137783982,0.0819058477912075,11
8.18977402196815,-1.29521577641468,11
7.90999680478584,0.128286155677944,11
7.82712020452831,0.63641504304702,11
7.69492291661481,0.443103712952211,11
7.71125128559352,-0.373991570766201,11
8.10927371249095,0.223970767086778,11
8.75578668752456,-0.544498370739529,11
8.4186745484142,0.0569065070989408,11
8.25901625124547,-0.901678719657628,11
7.47627285056337,-0.969785841164663,11
7.91482025357276,0.46498911455236,11
7.77397283635019,0.575303160558286,11
7.81019937341636,-0.637736401244875,11
8.56009900797807,-0.513016696333282,11
7.50840994146898,-0.405797608745669,11
7.8037242369659,-0.341050965926938,11
8.59781054564346,-1.15235024829564,11
7.89024074285604,-0.0748012445479701,11
7.77384803352081,-0.00468359642230956,11
7.76239486995018,-1.03836942438903,11
7.98953883792682,0.643886380559256,11
8.50055033132838,-0.778157505864476,11
8.60734531039164,-0.272499995050389,11
7.8796658801452,-0.194689677814571,11
7.78127824355055,-0.00505670169515841,11
8.43126876262843,-1.08374809416696,11
7.72517922168263,0.217011472422992,11
7.05635259817692,-1.75458456047099,11
7.44090460553795,-1.53307370248833,11
7.77121863537266,0.32999329430105,11
8.87258523117933,-1.88381690356892,11
7.97897066429186,-0.03555178960593,11
8.01665524330191,0.0873932596304464,11
8.70360189080025,-0.559957023118483,11
7.15331848415535,-1.46210525257453,11
7.71421414079174,0.585099939593768,11
7.94474982289531,0.946937778628629,11
8.02683027709633,-0.275775503212024,11
7.77321130177639,0.392912395214225,11
7.68018637058796,-0.0120351470609114,11
7.86992636961028,-0.175735511951206,11
7.96501040693329,-0.491123617935398,11
7.73181867079075,0.0533955680163917,11
8.42146242272488,-1.11230199600448,11
8.81457941655912,-0.327175110111513,11
8.15863293240296,-0.276078397595849,11
7.16052598701405,-0.690309227068284,11
7.82245832838346,-0.824923033333136,11
8.66110279048771,-0.0130062887213597,11
7.78921118232962,-0.296060566266182,11
7.81614507188265,0.599803105197664,11
8.42033529123034,-0.900027407710967,11
7.82271206548678,-1.15638738345409,11
7.63676328103941,-0.550459426637616,11
8.06591625328552,-0.0175586238808423,11
7.9820615900885,-0.466357760024957,11
8.10723008525898,-0.403026165592712,11
8.04627684606554,0.206381729510047,11
8.21178397268565,-0.42080043377886,11
8.80096972813464,-0.985561230673689,11
8.52706600860405,-0.986846273866514,11
8.31589765612789,0.158232596819525,11
7.92620791274399,-1.01248860763568,11
8.36275511559711,0.290649161875299,11
7.8789737816257,-0.476394248540808,11
8.19598408012437,0.258622002169589,11
7.81461369097623,-0.584836826113845,11
8.13975551468039,-0.107612276562337,11
7.61919159960889,-0.271072670416002,11
8.22372889671576,0.0400753333089356,11
7.82455121363333,0.208471022736672,11
7.23055815928594,-1.28738575893186,11
7.7660095255158,0.050887248244413,11
7.71121688732695,-0.383494371314797,11
8.37243699363715,-0.867868329350667,11
7.54282730244387,0.326173717574064,11
8.36329981291556,-0.243089221742694,11
7.74239237606515,-0.0229211684006939,11
7.95543438353224,-0.659813479066158,11
9.05860009945365,-2.66352820589197,11
8.22379829426922,-0.295392603797999,11
8.5191264476427,-0.12196112975437,11
8.01424302375283,1.14496446272403,11
8.0983032465008,-0.16563858649272,11
7.97301690940899,-0.070800709652995,11
7.48514684095037,-0.999337225255021,11
8.07524235206178,-0.462477007698888,11
8.35933280660155,-0.028117006944672,11
8.49970121715366,-0.395291272820387,11
8.08334199406103,0.0685180550096818,11
6.82792228806589,-2.95323372286941,11
7.69947436570809,-0.355559004406902,11
8.43284319659087,-0.435923830707684,11
8.12394618777198,-1.05637816726566,11
6.78084609550836,-2.87818092779623,11
8.08470623215983,-0.0321973194009523,11
8.12154231438556,-0.953167191312554,11
8.27761823530123,0.0991488502872983,11
7.95868572830181,-0.300200871244545,11
8.03488656751462,0.540864694738527,11
8.71069088454978,-0.782671515019927,11
7.81414912400343,0.460479261622678,11
7.90533308219769,-0.210930846611643,11
7.38034897172422,-0.391118287731131,11
7.88842520229202,-0.313471299705595,11
7.71089726503119,-0.333324453131817,11
7.49887922557613,0.125591086756971,11
7.9413724333551,0.0411869868775539,11
8.27853533165603,-0.31794079528292,11
7.83841079665599,-0.379491855796517,11
8.38330784853571,-0.946229947432541,11
8.53625910463507,-1.13191972609291,11
7.48103436215792,-0.72949350230263,11
7.91462958683908,-0.251676123189653,11
7.45223849214655,-1.51781764476588,11
7.62641893553608,-1.14385608386336,11
7.73091462948191,-0.664897184869292,11
7.65034951198241,-0.102558244135724,11
7.92718658630643,-0.892868098795354,11
8.76391385802191,-2.25785427239376,11
8.18048342703003,1.04313165392977,11
7.76275324183569,-0.130889085212957,11
8.27995931262176,-0.247392379685357,11
8.10754981120176,-0.395911899219219,11
8.30967439871179,0.301065315857001,11
7.97654911856196,-0.890474453649665,11
7.90351079034634,-0.144380154338469,11
8.86027417995426,-0.79496189341229,11
7.58659502692307,0.109682944369563,11
7.21588157665228,-1.71277719148046,11
7.67286846776226,-0.350388331486077,11
8.40854851719013,0.919680153727538,11
9.03055376543558,-1.93489027348138,11
8.34172229429356,-0.266005650805025,11
7.68324916741786,-0.290077822398568,11
7.54165852418842,-0.84486646714367,11
8.12676037809153,-0.0902149884264329,11
8.56993709078165,0.132568635441457,11
8.34790930982921,0.518106516747339,11
8.09323399640303,0.490108720762071,11
7.62035863070185,0.503330534087324,11
8.46710292595412,-0.823485718499033,11
8.21613470792687,-0.0715859322675856,11
8.0592988464417,-0.122017439446146,11
7.9303440473945,-0.167906623156758,11
7.0784102862655,-2.69071335936581,11
7.57554020125675,0.081846533745084,11
8.23249440277235,-1.38995737467598,11
7.65587682757658,-0.714366902956943,11
7.40896850511092,-0.681507126148232,11
7.72977092463252,-0.110415129437873,11
8.21707786457879,-0.0619139348348332,11
7.85585784539138,0.319709826185369,11
8.26773452126327,0.284687186073247,11
8.07978266271695,-0.277755672617317,11
8.05665490241663,-0.493738701870004,11
7.96731391353316,-0.32127189174318,11
7.90832664654925,-0.296678322665789,11
8.17026469411658,-0.0572412951775922,11
7.6858094562085,0.57790884831575,11
7.95504373747487,0.133478594684767,11
7.50429496168266,-1.61589787049753,11
8.22759865688733,0.123771848858296,11
7.65916309336625,-0.249924269000496,11
7.39205319992633,-1.25546407073591,11
7.66022762331287,0.641095698362838,11
7.87110676018018,-0.0510559879245282,11
6.89769804142932,-2.05163186019435,11
8.23201860441233,0.160410725347265,11
8.31045853829145,0.360904171374708,11
8.43322658038181,-0.492010535038148,11
8.15475720001495,-0.265774048515951,11
7.88288660763055,-0.0959947404150356,11
7.73367613150619,-0.953892242068864,11
8.35869888917171,-0.25605166623529,11
8.36256167437703,-1.10973918932728,11
7.87285752840341,0.707465577406884,11
7.33142944933398,-1.17587395896581,11
8.24963943360132,0.0199366031217373,11
8.41552765135194,-0.0322827521214365,11
8.21406395023139,-0.800137164570368,11
8.03872377801659,-0.958384262850015,11
8.12628669678362,-0.228756342935241,11
8.08509624579944,-0.00379013552163516,11
7.58725256078348,-0.23813222177631,11
8.18881006632998,-0.132485642853029,11
8.36209162404551,-0.789766114168921,11
7.84777990398523,0.275630653710799,11
7.89863362828506,0.0552072401283734,11
7.31050581960437,-0.609525234823184,11
7.53431749572094,0.330718437930801,11
8.02024815569338,-0.12049685819046,11
7.87675256781503,-0.159215333367743,11
7.7242642676952,-0.49671700215436,11
8.52142485299157,-0.489232748753648,11
7.76327131575337,0.0182107505273575,11
7.93878905135699,-1.07671458773423,11
8.02845435422116,0.145824219159355,11
7.97212673735349,0.917509970972082,11
8.35467508051571,-0.150810880990184,11
7.95057636009636,0.391211208586256,11
7.89199813691031,0.919955707020414,11
8.09955099134213,0.155353447055519,11
7.36812881473283,-1.68674201861708,11
7.7122923211849,0.44789296652354,11
8.9648968449558,-2.02797565629114,11
8.1791790362283,-0.872195571764152,11
8.59326895571889,0.030035652578739,11
7.85383863138614,-1.11339089530716,11
7.88659877490853,-0.0122721502061783,11
8.60312811733325,-1.39278948875923,11
7.91502163983901,0.598140169442685,11
8.30486011295079,0.160500963266318,11
7.90234125865332,0.336526619790314,11
8.31038426433374,0.352660072182961,11
7.70434946522458,0.361548994633203,11
8.16676666656765,0.0437253301686179,11
7.5083712338281,0.152694911262207,11
8.07490088154419,0.613698947541059,11
8.74505464670843,-1.39204358755425,11
7.83830357441829,-0.735499351898403,11
8.13889087571587,-0.587180709854629,11
8.92515264128657,-1.20646920495597,11
8.07510599655961,-0.388517852491046,11
8.55465239162139,-0.878596345366917,11
7.82198573380206,-0.441402941827851,11
7.52513370690604,-0.172054910693249,11
8.33991180866136,0.0975726982094192,11
8.1572612494771,-0.201729233412172,11
8.32779059260207,0.913965363131576,11
7.23185079217359,-1.78746696505747,11
7.8646674327711,-0.258752720086639,11
8.16970835643516,0.488448631092398,11
8.06098709316257,0.129536128658335,11
7.98287644507157,0.168136892004063,11
7.15120610088081,-2.10404944267519,11
8.07570811594211,0.306944047129038,11
8.19506783679832,0.00835106174815091,11
7.78628076551532,-0.148929826490786,11
7.21939111793619,-1.10803851737381,11
7.51300557386774,0.3735657673618,11
7.36519952121064,-0.747291186655969,11
8.26939481673974,-0.021371726475015,11
8.12737377837396,-0.934493552416334,11
8.17960515321244,0.0575730155267803,11
9.45344722138412,-3.80575302733724,11
7.48168353004762,0.73515541629815,11
8.29971639467407,-0.337804760236738,11
7.9292408299831,0.467619720102101,11
7.88510260800725,-0.629731582255541,11
7.92538235793539,-0.990301922304868,11
8.43595073320908,-0.870762335312619,11
7.75488726738509,-0.366923008845828,11
7.59897763585585,-0.241949290177663,11
8.01289763144804,0.0503443443860228,11
7.81359474397701,0.136184355197368,11
8.11831070425071,0.206246956453647,11
8.00701649611525,-0.0647319442773539,11
8.61898105692592,-0.527432904170221,11
8.25988387365029,0.604014247610368,11
8.72998589585608,-0.137528733142548,11
7.69118955175136,-0.548410826395764,11
7.15067991262884,-0.780499965843208,11
8.3080405861844,0.23581358785852,11
7.91449728225557,-0.434685729236591,11
8.26215568606561,-0.120636533188264,11
8.20543388054327,-0.190836948416715,11
7.84561610461421,0.50037903682319,11
8.05826578541148,0.943517701333999,11
7.88250242028063,1.14433502359189,11
7.76893756608032,-0.109632965946818,11
7.66141815637079,-1.10192824899015,11
7.32775209150959,-1.57151167296773,11
8.65242762678431,-0.440709521197209,11
8.21144349735899,-0.65242180915053,11
8.54530123813691,-0.369400280815191,11
7.97423203736931,0.604919526700553,11
7.52762207999886,0.179320596573053,11
7.68858609946827,-0.492299058459839,11
7.86325521691738,0.0460700664025507,11
7.18998515558544,-0.995773341740857,11
7.85327338453267,0.365708237824428,11
8.46960194263835,0.0666149900721047,11
8.27565951808372,-0.631946588411295,11
8.21316973829448,1.02729925025149,11
8.21141079122359,-0.266780821782064,11
8.24402606756225,-1.12828443172718,11
8.10162334737698,0.0741080606348507,11
8.07391046277979,-0.787062339674151,11
8.19106701697183,-0.34133883832371,11
8.17769644328603,0.155961309543899,11
7.97695990233738,0.570417719600241,11
8.32639100450065,-0.0698989511572063,11
8.25473784908664,0.764021635267983,11
8.58948382888307,-0.116281321405046,11
7.94242032244968,-0.130042123679384,11
7.8515012453663,0.288808322990276,11
7.99001321676409,-0.234421161177604,11
8.47973700868471,-0.986598547344079,11
7.85662845552256,-0.77935896425317,11
8.05707266041302,-0.21775138850138,11
7.98412229965087,-0.556552811777753,11
7.82103894549518,-0.281512470897358,11
7.4457581160217,0.208176170616216,11
8.04602542138172,-0.616559903199528,11
8.58336032380686,-0.270315664677158,11
7.87802941916401,-1.13449727425231,11
8.07974285542558,-0.486793290463516,11
7.76445891539973,-0.411835312579653,11
7.7473674630952,-0.0833244460830884,11
8.23837709624628,-0.584215198343342,11
9.00330644422045,-2.72406208319607,11
7.88226466827472,-0.217407800871046,11
8.36949151945497,0.645366783022947,11
7.82836869522822,-0.40541210563604,11
8.20170851964693,-0.852559317822144,11
8.31980874003094,-0.938125295333421,11
7.988138925474,-0.553795691886754,11
7.84294380886576,0.49160311625962,11
8.18775596638135,0.20246586440208,11
7.27350333108285,-2.43209799765466,11
7.90099173392351,0.156989994321012,11
7.60047078768761,-0.822382189737694,11
8.33532118272611,-1.00285267897808,11
7.91121344442832,0.628046396909056,11
8.47726683300267,-0.457028790408336,11
7.74155305511111,0.160458223987424,11
8.26184438509095,-0.348907604158397,11
7.79519148842419,-1.06499950552272,11
8.74378016830014,-1.83885468691086,11
7.68600266527005,-0.439539599235907,11
8.40445675784223,-0.34099890453795,11
7.8870572467097,-0.153922339689103,11
7.03755841174786,-1.32599210323858,11
8.11336459954519,0.646280380410748,11
7.7465953273805,-0.859707019395484,11
7.7822786178893,-0.0449375627715295,11
9.01055105275575,-2.18244873508741,11
8.32364396205743,0.464085049532335,11
8.42847831798715,-0.189330822842069,11
8.2474727232006,-1.07201638289744,11
8.34132057642576,-0.0393500451575874,11
8.1052857217355,0.117431031325262,11
7.88425433675347,-0.0448034177585869,11
8.52363558238425,0.267163868816854,11
8.83602929863014,-1.89546081455145,11
7.51748768899908,-1.1616447740857,11
8.14055522927333,0.363076128642493,11
8.1501598061424,0.434774496594712,11
7.6216876666062,0.228566533818684,11
8.23779586372158,-0.746715583303244,11
7.85345418818398,-0.291779955846658,11
7.77510956512026,-0.501901687911416,11
8.16991481755287,0.277228063340331,11
7.97952102380248,-0.244084331639565,11
8.32523675512241,0.20414311282671,11
7.46977390391677,-1.4460534944004,11
8.36550676334471,1.06253715598389,11
7.35373634232679,-1.70597430409579,11
7.75744937790726,-0.396345884202569,11
7.46478235199453,0.108901253628387,11
7.99141519055277,0.29011359682958,11
7.96077983073166,0.114513416548782,11
7.64679389933812,-0.622397171064674,11
7.87142086390147,0.00970904704411444,11
7.42851951069675,-0.0849630668907733,11
7.61799379493564,-1.02033470935374,11
7.76328231208561,-0.176438225042082,11
8.26865717724548,0.283899501139255,11
7.33235647893752,-0.999913727306074,11
7.94702398475257,-0.429413892942795,11
8.42936245004889,-0.778405268593407,11
7.86360503324867,-0.970147761307268,11
8.23824242886328,-0.0652259081957106,11
7.93032525692538,-0.780596851655796,11
7.8169307508542,-0.0367215979909264,11
7.27798269319841,-0.635172309775567,11
8.01949132743236,0.363360210812459,11
7.97103784949338,0.758484722934425,11
8.8516350964573,-0.958764292560208,11
7.44047356281982,-1.61915511699128,11
8.26803036198684,-0.284931929174994,11
7.62221410313004,-0.349541086517215,11
8.24895003942688,0.352747251003272,11
7.97409907162158,-0.439089121541904,11
7.64514467991019,-0.537348544457892,11
8.01746466365243,-0.600461746179606,11
8.01188665049219,-0.303789868676174,11
7.98130614285411,1.0183246484022,11
9.11734737062094,-3.51348331785744,11
7.59454719252752,0.367429185823162,11
7.97032391542972,0.762620064088722,11
8.14175361557841,-0.13081182203289,11
8.18531224441136,-0.389191342203241,11
8.6675413308755,-0.512120926365939,11
7.56372877081661,-0.286558534487435,11
8.09070253519365,0.140700111767564,11
8.17836875404547,0.0327343761026706,11
8.16531821845618,0.20300675741568,11
7.79096020721105,-0.264525840194913,11
7.96900867304847,0.371024784792392,11
8.24818636914528,-0.0529296380187762,11
8.41004378423465,-0.386633199982341,11
7.75068843234009,-0.510314435205126,11
7.85775094741058,-0.239028388216472,11
7.36828168359822,-0.61511900118495,11
8.65112183728445,-0.625535202041776,11
7.81770634792115,-0.0287066123632422,11
8.03612926615514,0.403408018547262,11
8.13340781807645,0.575865597023041,11
7.94176217606317,0.778703852990932,11
7.55844257287613,-0.2206226123332,11
8.37269660482837,0.152501433828998,11
7.09551806066947,-2.03635185742378,11
8.25414219973897,-0.40151192961656,11
8.11733132221925,-0.546345312504522,11
8.27016090638349,0.518070729117919,11
7.94505112377636,0.362359092207576,11
8.01418150484071,-0.298319483983467,11
8.44146847283501,-0.116306913721395,11
7.65631919669933,-0.378155051239066,11
7.92851481698446,0.0648318633037924,11
8.14306602005748,-0.122724760305403,11
7.09486956820014,-1.49212064843908,11
7.24903839163003,-0.94962471053209,11
7.12167560949615,-0.775182628480008,11
8.31060334069391,-0.142015581930321,11
7.18357738051412,-0.872084447588986,11
7.88299226827812,-0.58957618640387,11
7.71508418247556,0.0541775642137595,11
7.9928514258469,-0.185235022853292,11
8.84928610847422,-1.69176882177646,11
8.70619849105824,-0.685974299366733,11
8.08392559828659,0.282111894227758,11
7.82000141395836,0.424221859147117,11
8.14316684253727,0.483994226082117,11
7.58675016501986,-0.507856995439514,11
8.60943886835253,-0.947549733854972,11
8.29481108535253,-1.06229472648435,11
7.54864981028835,0.322406866240144,11
8.12150257541,-0.262771131053296,11
7.27730853260186,-0.769858646843588,11
8.02691443758881,0.305916669708196,11
7.97749670699273,-0.137242789323073,11
8.34977330052285,-0.099599161120188,11
4.04823437275649,-5.31272626983191,12
4.86429412707909,-6.37901133376928,12
6.92857716881958,-6.80760180304958,12
4.06241473537213,-5.42684982254916,12
4.89748440826406,-6.83961117176651,12
7.73582501316077,-5.46738083903929,12
6.65097540419617,-6.19542092121985,12
8.20266385801816,-4.21503832070867,12
4.9025048771907,-7.14724393308875,12
5.52816464807309,-5.39811127888581,12
4.39897497234474,-5.3332867033779,12
8.30275086231122,-5.00444759403404,12
7.3682031145724,-5.36942380559488,12
5.97477069545106,-7.32056673305637,12
6.11963182511248,-7.83609119341649,12
7.08822755234931,-5.79968658186989,12
6.77628750550894,-6.7664426954084,12
5.27660168948235,-7.09312641303085,12
7.09720688011366,-6.23282758017982,12
6.11522805480338,-7.08634591324571,12
4.90935125228849,-5.91426004399113,12
5.72338981040523,-6.89882679064389,12
7.06443069902011,-6.18641660761064,12
5.32469970423489,-6.57493205114131,12
5.96235318804648,-6.92138472476531,12
6.49239437884864,-6.44514428776702,12
5.03222049692054,-6.83635241738274,12
7.36720613148465,-5.8890436958058,12
5.02835586788725,-7.30618891529912,12
6.74652451510263,-7.0520479073575,12
7.20167635700957,-6.27441707985054,12
6.47897699029787,-6.63797186754702,12
6.47844911492241,-7.3028860288309,12
6.24267419512815,-6.72393643297722,12
6.51285866027057,-6.89068071402775,12
4.83150227962954,-6.80260958984679,12
5.41819437518656,-7.17364025213865,12
6.45284742362038,-7.49910168977241,12
6.3197907773017,-6.77054252652806,12
5.70733608552839,-7.65839836388968,12
5.21794014407562,-5.94513323950906,12
6.2126956677962,-7.1530385447402,12
7.0812959346545,-6.35318596811727,12
5.47457786884422,-6.89748569048737,12
6.0551661350497,-7.22958254201307,12
7.44050711043704,-6.75608410052241,12
4.2788544975318,-5.95925526705896,12
5.06434168700441,-5.29074125169337,12
5.97162173321239,-8.00240251443898,12
5.91740285224438,-6.89563217581267,12
5.10455321191286,-7.4268908608057,12
7.4947783111735,-6.49546297164268,12
4.89235948687969,-5.84463873426274,12
6.0471324538774,-6.4991211423158,12
4.45597310539668,-6.94378946888102,12
6.16122572459388,-6.94764165472558,12
5.67127877643108,-6.68166791743954,12
6.04691404422119,-7.22507978899597,12
6.00181704375363,-6.50279574439784,12
6.24755942357686,-6.79090172834217,12
8.17627278585675,-4.2035570844826,12
5.18153727825358,-5.87398327408277,12
6.50100881244187,-7.76406029739808,12
5.42893051436422,-7.28408875074785,12
7.68341366180299,-5.55259115814752,12
6.51210383117591,-6.74234713764382,12
5.92270243932098,-6.05896431327345,12
7.15358187196437,-7.33766500897836,12
5.92352974178222,-6.81445611360346,12
5.96895150248784,-6.4050287503601,12
6.76489672310347,-7.31352012457211,12
5.76808510930701,-6.98618909086947,12
5.65325097053417,-6.38536888812758,12
5.05145295688557,-6.27223713690357,12
6.8779965994886,-7.04901576403965,12
5.34471973276459,-6.38252720748304,12
6.85113911228446,-6.32708192201507,12
5.86553809969644,-6.89588937479766,12
7.44125720764214,-5.96731939590716,12
8.27722520337732,-4.86502381769439,12
5.56780667810549,-6.56632964095119,12
6.7893929113262,-6.88457365551688,12
4.17816321476271,-5.76619149138968,12
6.64989202724535,-6.57561283828825,12
8.04035602247696,-5.03307469914936,12
6.4768151769501,-6.76719463843282,12
7.56250051296919,-5.30257896399887,12
5.62624909763988,-8.27203738188062,12
4.87344891192112,-6.36675052398545,12
5.11680420076951,-5.79659157965595,12
6.11838725592683,-7.08805332249788,12
6.98699876198509,-6.60743528533445,12
4.22347651250025,-4.76855895459383,12
5.45961147929814,-6.76967092119201,12
5.2068531053392,-6.24707000621474,12
6.19439656564305,-6.5177606510105,12
5.31703304176821,-6.09533056511061,12
6.77177882192428,-7.45249323351026,12
5.14347657989217,-6.31896036116341,12
6.14612564157627,-7.37430404147277,12
5.62702602011834,-7.40039234199256,12
6.52478701684631,-6.04984085532134,12
7.7563424239023,-5.09206346817663,12
5.78943808060461,-6.16760410986306,12
6.39042231625564,-5.75147443534382,12
5.68284557583578,-6.4871459973984,12
4.47670560031181,-5.36107629211797,12
5.79553283186813,-7.55525210727151,12
4.43262551690143,-6.27392340142268,12
7.5529747591814,-6.50759390014699,12
4.27075637869361,-5.56208868105123,12
4.17494325359103,-4.80995842621427,12
7.34845728826959,-6.07538008222891,12
6.12717704011659,-6.86377053984799,12
5.36612966906676,-6.26091415981099,12
4.7091964572338,-6.32961830308499,12
6.04095057398523,-7.6882695497959,12
5.88536283181815,-7.20473066423392,12
5.61163306231559,-7.2288978802128,12
6.66495903243233,-7.77673237878235,12
6.40156162543737,-6.4207481981604,12
6.83894076774407,-6.82616102246463,12
5.75633401855654,-6.71743363009173,12
4.39587329188852,-4.60088828297951,12
7.98999202294095,-3.78277203746182,12
6.1232384371375,-7.5884664479173,12
5.94806348770564,-7.59506589032961,12
5.8049868778928,-6.11006439051421,12
5.34012540396294,-7.79165791796331,12
5.04723698408067,-6.09831308794874,12
6.57299345994627,-6.93173388281772,12
7.28209402650083,-5.97269802700447,12
5.23147620562835,-6.27711178545118,12
5.37167482514942,-6.52897004195115,12
6.3378239328107,-7.27429950410566,12
5.57670811486885,-5.79938743056262,12
6.04488514608774,-7.29379753629342,12
7.70096720301681,-5.49769537526885,12
5.37379799389049,-6.64856867923762,12
5.46968034834745,-6.84840508069977,12
6.84930453377113,-6.71014184989749,12
5.46869798948186,-6.55291375185097,12
4.91459291823043,-5.71999482695718,12
3.473348652302,-2.99086994805655,12
7.60689300626378,-5.49951027055126,12
6.0457340565774,-7.41776601430383,12
6.01456895889783,-6.92423419553647,12
4.65574484530404,-6.67848078374484,12
4.71473068609777,-6.0018823615019,12
4.81045480268368,-5.94702610924372,12
5.38966370237193,-7.34356774204433,12
4.44261731349709,-5.95036810343056,12
6.89987010403714,-6.4400619991757,12
4.63294179142938,-6.38651843642259,12
4.93373261613664,-6.36360676789754,12
5.83179018993283,-7.7570072971938,12
6.50164746771869,-6.61201204048355,12
5.33548284602987,-6.7619904574327,12
5.85251706121568,-6.14530910846328,12
6.75281549553578,-6.2785820093649,12
6.15630458024765,-6.92605265113519,12
7.37496771556817,-5.99958504829332,12
5.70266164422163,-6.46943031962747,12
6.16980945757624,-7.88212918874869,12
5.30230176639746,-6.59286844656814,12
5.91147213123501,-6.72440605889371,12
4.64350627282376,-5.72272784257953,12
4.53893346747558,-5.75395358836626,12
5.77342896107934,-6.75732227801019,12
5.3304113495996,-6.79360809938091,12
6.88903961261363,-5.76491465520373,12
5.77656700322991,-6.56788450328189,12
5.32409731785024,-6.67440929304271,12
6.42298804528925,-7.65207935985327,12
8.40416561762456,-3.63648068554329,12
5.84104635477043,-6.23511051300904,12
4.06911844797587,-5.26984819539497,12
8.39697572894489,-2.95337483356551,12
5.19381639357083,-7.10959407312687,12
5.09816241233704,-7.4408723579403,12
5.40320238959284,-7.31310560210739,12
5.99090185309231,-7.77819630017314,12
5.48181213074213,-6.4577553389992,12
6.53486818652206,-6.73415803930339,12
4.63111268375335,-5.50095949044896,12
5.64734374309845,-7.12035936806681,12
5.93504976869925,-6.90186615115308,12
6.49026247275455,-7.53630256670094,12
6.593354032781,-5.95819834918133,12
4.39264785623128,-6.39402008721857,12
4.83750987878899,-6.8845601763312,12
7.23599384298954,-6.01096071964452,12
6.4929744364385,-6.39271389363964,12
5.81361795420155,-6.58713221723003,12
5.39532516050672,-5.75276954055064,12
7.11267937596375,-5.74773460415614,12
5.90314238034321,-7.45027171829517,12
6.43442814900693,-7.36788866137059,12
5.69581853655931,-6.77078784512206,12
7.25798641771741,-6.11870816185421,12
4.22249098927189,-5.07909740498089,12
5.54218627229489,-6.26098095319686,12
6.74416247775971,-5.8932284448597,12
3.28110928041729,-2.55475780097185,12
6.30187096153246,-7.34891730704885,12
6.32920944199973,-5.84240631364546,12
8.41707883583436,-3.83770058404731,12
4.96173469154041,-6.17512994513226,12
5.69084632666358,-6.84933503832772,12
4.67634499491528,-5.42549516040537,12
4.64969351090807,-6.06940636325725,12
6.35840287689318,-6.47278128507971,12
4.46073145481645,-5.98853621113664,12
5.17166778461528,-5.67964988851675,12
6.57757446702661,-7.42703888163361,12
5.92539713942938,-7.80750061022064,12
4.64688441189583,-6.49178708781231,12
6.58160955380697,-7.12164330100992,12
6.1159452233398,-6.83659222271939,12
5.61086222189847,-6.83558905279922,12
5.28168126917284,-6.81056723983571,12
5.98822810614428,-6.94689138220982,12
6.6567391281851,-6.52823682412374,12
2.76200604428493,-1.81842862777458,12
6.330881765874,-7.21188716472132,12
6.79568838561957,-6.67208704805346,12
6.00937002570655,-7.94435505476217,12
6.02211963809755,-6.28803183485992,12
7.27744945126343,-6.79088188638582,12
7.00987556718881,-7.20029688605172,12
3.72884003946144,-3.7515488939327,12
5.08039329995862,-5.82566293828343,12
5.33124674764305,-6.98535047431461,12
5.52198650481898,-6.61171783887701,12
5.93018872175992,-6.70740130646446,12
6.99825288389964,-6.09810300001439,12
6.27107242284827,-7.49146573001444,12
5.59603605943607,-7.01086244905686,12
7.36917405158317,-6.15746251901526,12
5.51706626396999,-6.78186834863693,12
6.73022910293194,-6.50098413531462,12
6.05533465544201,-7.24255043456624,12
5.4643322046325,-7.25874732906481,12
5.48983965566829,-7.19315767615266,12
5.70169553674257,-6.71433783358708,12
5.91664766380011,-7.21184661277558,12
6.07231878717595,-6.8822707903065,12
4.70119889307293,-6.14274228155856,12
6.46619268195474,-6.61652357677637,12
7.53110829863488,-4.89395823685186,12
6.12598450946364,-6.71161946887533,12
5.8927616834273,-7.45165943100794,12
5.48493048457821,-6.48442905244405,12
6.25977264951389,-6.70112259152643,12
4.83069491079907,-6.06166372364125,12
6.27642532837909,-6.21441307556681,12
5.8820199314556,-6.93950903373673,12
5.99024500987791,-6.35198017195152,12
6.47080710065444,-6.28832086246946,12
5.92100823911133,-6.15908885219974,12
3.85956739028787,-5.49171194958551,12
7.27185211192731,-5.89307916615215,12
7.00672947437106,-6.32850229437741,12
6.9068157277539,-5.91042981147614,12
6.31364913865248,-6.61809427695142,12
5.92961582091059,-6.94216702430909,12
6.26605629952186,-5.97324424551809,12
5.43400736619855,-6.83802282349366,12
6.02572293048871,-7.02728806462933,12
7.57611424232499,-5.19075641492784,12
7.13944997584153,-6.48714209955308,12
7.80655769704384,-5.38539062199465,12
7.0087645247264,-6.06513506405415,12
4.6128339094508,-6.00032080804341,12
6.51837229360774,-7.29211600005507,12
8.02572457576071,-5.17618696754408,12
5.39836338388062,-6.65225135900007,12
4.48134978321729,-5.18676716150379,12
5.57990265498318,-7.91503786015067,12
4.96323853306471,-6.13368570338015,12
5.46058635125551,-6.7350191561462,12
6.84557618451154,-6.13159351307685,12
4.83026113917914,-6.62090718735256,12
6.93446104362156,-6.07757219314925,12
5.12892463501074,-6.66041184463144,12
5.37259514629723,-6.98882189314777,12
6.0571315889788,-6.32288810395344,12
4.50584631332405,-5.42434134097901,12
5.93845188780414,-6.1715183106442,12
5.6538378704459,-6.7542589062525,12
7.98597629825664,-5.74612387610569,12
6.17501374420702,-7.28222214380225,12
5.58434680210587,-7.12395445709073,12
4.53847606262717,-5.94673293735278,12
6.72563730555869,-6.44381976463289,12
6.93557547456751,-6.1618139736395,12
5.99863733888864,-6.30294478093183,12
7.37755217755583,-5.5702035013968,12
5.79615211576778,-6.53794586255811,12
5.40097278566818,-7.03576901482397,12
5.96151683471976,-6.8385089052054,12
6.72738328111296,-6.18542437856058,12
8.30619698992924,-5.17941798313258,12
5.90703766159625,-7.00883360463213,12
7.69511190480863,-4.86184496536475,12
5.45584526240745,-6.51525070211996,12
8.0719835697112,-4.95012529808033,12
4.62163684608698,-6.65284433142559,12
6.17159074010501,-6.20160392969342,12
8.20169280448971,-4.8721291635475,12
6.24781357757827,-7.06190340741956,12
5.45820433187378,-6.75198686374838,12
6.6169922413842,-7.09445169118088,12
7.25451988114909,-5.81998553439909,12
6.25629827234737,-7.19324918474506,12
6.83589197204687,-6.693752841371,12
7.29166532055646,-5.78953422247021,12
6.01851662420937,-6.24293424019894,12
7.0487228666458,-6.65794937025869,12
6.99656085513975,-6.80205614436996,12
6.84174218639594,-6.54225353123945,12
6.74126003726102,-6.43235692599315,12
6.94946508043648,-6.99998951189197,12
7.15931319588763,-5.70925858882735,12
4.79474407339452,-6.49914420262661,12
7.58386414571495,-5.37428962678116,12
5.85242184572312,-6.78149829267331,12
7.87762804920426,-5.8249728136429,12
6.11696913503715,-6.27668373666436,12
6.54669853526131,-6.29919834628666,12
6.48525230118769,-6.72918624038399,12
5.2701049584573,-6.94793645802777,12
6.01754862306804,-6.93043207795463,12
6.10036649037519,-6.50133344583047,12
6.1538372015584,-6.85016601418932,12
5.794906385725,-7.00307948677781,12
5.73072768355518,-6.53713164891267,12
6.00688833100169,-7.28474151274196,12
6.153508574364,-6.44273907905357,12
8.71644267078564,-3.32271890100442,12
7.80735275663627,-6.10882762207845,12
8.01336489866663,-6.03424674606901,12
5.78357006905482,-6.40132690989884,12
6.03409865220973,-6.9957809054838,12
6.06035598300652,-7.5893111239366,12
6.75618259712745,-6.72765914490478,12
5.57843476672391,-7.06014776504552,12
5.73284323404232,-7.56310556013237,12
8.19393458107743,-3.44352690490309,12
5.5020606223531,-6.35562226267595,12
5.24288221109019,-6.34262816864336,12
8.11819861464452,-4.88267545368874,12
8.01592866156115,-4.640733520718,12
5.26417802857112,-6.45116496793855,12
5.2049079972849,-7.18960566286029,12
4.622851928602,-5.93243595481088,12
4.95484807937654,-7.0936658928602,12
6.6586534517585,-7.29899218522012,12
5.46626991338304,-6.88677606268885,12
6.60329210171392,-6.27349085388098,12
4.49216074265045,-5.94353894634475,12
5.3553079252894,-6.71337597993848,12
5.56441491230168,-7.11519562131347,12
6.48856030327523,-6.13416335063978,12
5.72653830649454,-6.40871876773089,12
6.3631897282072,-7.1403380681854,12
6.85541093690907,-6.20191972734544,12
3.79749729994839,-4.61254537393716,12
7.76945855023228,-6.12850984311533,12
5.71438496999842,-6.95401730868234,12
8.11509791248053,-5.03067107702032,12
8.13294418586749,-5.80546304383363,12
5.77009880932564,-7.28789068412286,12
6.84676988738574,-6.36641454823095,12
6.45012750371297,-7.95631938394462,12
4.68274645869816,-6.44058387516643,12
7.31200097025053,-5.93605413699186,12
6.44158542452491,-7.97296525766721,12
5.90507334509083,-5.80604134964096,12
5.73399707953901,-6.1543480866904,12
7.53525809400452,-6.23890799452281,12
3.45321316813083,-3.8271855687512,12
6.06288030811898,-6.65771905666659,12
7.00436741148264,-6.30000218881635,12
7.21872505448651,-5.99089820721378,12
6.89309066490595,-6.53455757932572,12
8.76371766669434,-2.4640150300678,12
6.28423775664102,-7.41237168898946,12
5.62369302983929,-6.36078685785738,12
6.87451425650003,-7.59800546292779,12
5.4049184738543,-7.07453176557089,12
5.71670831299059,-6.94528542681847,12
7.45924639059102,-6.00743147309018,12
6.93948928813593,-6.77476592264293,12
5.46063240229212,-6.50926944058696,12
7.33187234832618,-6.44722192774732,12
5.8340739405106,-7.66924470360305,12
6.16229530997933,-7.01153813411202,12
5.53775143849167,-7.85576070958923,12
5.2225846264552,-6.71901085041894,12
7.33252888469328,-6.2265077286079,12
6.3500889634345,-6.18590478542534,12
6.33940323184651,-7.88339464900584,12
6.69495423652871,-6.64584605911989,12
6.15426223957136,-7.02362764506729,12
5.77215330637665,-6.65808704005084,12
5.56540923009682,-7.08091646259453,12
5.45761812867531,-6.36698908656261,12
4.63731448640144,-6.43682713155898,12
6.08192322907963,-7.8019899565684,12
5.9179648165913,-6.91156862446246,12
6.08314121064022,-6.98873309982937,12
5.66333846737655,-7.34011733488475,12
5.17885949087503,-6.35355732456783,12
7.33919219605126,-5.24412662259706,12
5.23177133432344,-6.10328526541979,12
7.60010210344112,-6.2998449304581,12
4.76664798632513,-5.8686125549061,12
4.7219494559214,-6.38561754904244,12
7.95279189898659,-4.87577802658794,12
8.14934399793101,-6.10534265004484,12
7.49871473294763,-5.27755639567602,12
6.83025656186929,-6.15486355205819,12
7.06706661093316,-6.57682251984084,12
4.57268492314678,-6.128481706967,12
6.84319928792601,-6.68161109566562,12
5.21447976841966,-6.88394214740669,12
4.19638714729313,-5.30406606331496,12
5.38522619135574,-7.33450889166575,12
5.37656438677922,-6.71385105292686,12
5.90533960117529,-7.30024218817867,12
6.50581887326183,-6.52910347398075,12
5.79642514313899,-6.88232321885508,12
7.02674764976806,-6.54911500590191,12
6.1231496176557,-6.70185276810764,12
6.07799466738471,-6.877927467728,12
5.40024007789549,-6.79024828511731,12
5.8718000231424,-7.22056368042538,12
6.06057620083075,-6.9911731921794,12
5.85347928195765,-6.89395391850148,12
6.48222085569423,-7.28708359198577,12
5.50058624583291,-6.75043433778888,12
5.72756104006071,-6.36067073338678,12
5.13815647875545,-6.48481911545116,12
3.55514773799091,-4.458709749023,12
5.82225615495825,-6.51606946871975,12
5.55734775696485,-6.3660650875731,12
6.37029181802174,-7.57512805268418,12
6.34239979794203,-6.96456838279467,12
6.7800502801636,-6.86034915233814,12
4.6465237422114,-6.22041607663109,12
5.63671045447779,-7.21133792622573,12
6.7110883518324,-6.44168068417037,12
5.49310559571347,-6.71580488033487,12
5.28197681814758,-6.70812920460435,12
6.05157079285182,-6.81421982319162,12
6.41968166882871,-6.74075892590559,12
4.6180166295419,-6.93632548229646,12
6.33198348947585,-7.03405165520001,12
5.80466374640371,-7.21722604814579,12
5.82667439599263,-7.34355434039546,12
5.33792627859315,-6.09334034551867,12
5.24208908410921,-6.55217271166466,12
5.6003084337994,-6.54549174210821,12
8.45186480863923,-3.79510059680493,12
4.25936725735038,-4.88542953901821,12
5.72998206844107,-8.29384192583223,12
4.9901319727811,-6.53271248094322,12
4.36925716065425,-6.21439148658449,12
6.92014819411474,-7.41813669761379,12
4.87617895662856,-6.5163861218349,12
5.4940938256197,-6.95160163319465,12
5.72122283252788,-5.76895604548483,12
6.71750844128102,-6.56325946939544,12
5.3436548972858,-6.68644148063573,12
6.86160757407159,-6.53160539696131,12
5.64634265410008,-7.07149497623607,12
3.95717166327229,-4.45448140948147,12
6.48528332087973,-6.37642084204895,12
6.87221389422978,-6.70642263520466,12
6.95289266299843,-6.72093138081451,12
7.16711899825521,-6.32727272817116,12
5.90641724535502,-7.14236166567957,12
5.36624775422286,-7.40356181497165,12
7.82633395367027,-5.23909672169993,12
6.20067885101257,-6.83986837138668,12
5.04747750524844,-6.27391494243707,12
4.15641942691407,-3.76565501644896,12
5.90098200345206,-6.52406556835302,12
7.12625528960038,-6.33759075910438,12
6.75140078017519,-6.99650766354883,12
7.09955148666967,-6.39222493021745,12
6.29464144680052,-6.49610225633556,12
6.22855612670788,-6.28350955409393,12
5.8071437082992,-7.18891957049781,12
4.00271717733359,-4.77924991345235,12
5.23316790551006,-7.24191002251684,12
6.22881272573363,-6.8721135671454,12
7.14214859882131,-6.64592484612362,12
6.83397221090716,-6.63925748195774,12
